{"stats":{"minecraft:used":{"minecraft:chiseled_quartz_block":2,"minecraft:sea_lantern":3,"minecraft:splash_potion":8},"minecraft:custom":{"minecraft:jump":13,"minecraft:time_since_rest":7458,"minecraft:open_enderchest":1,"minecraft:damage_taken":520,"minecraft:crouch_one_cm":522,"minecraft:play_time":15071,"minecraft:leave_game":8,"minecraft:sprint_one_cm":1613,"minecraft:walk_one_cm":5927,"minecraft:time_since_death":7427,"minecraft:deaths":2,"minecraft:sneak_time":362,"minecraft:total_world_time":15071,"minecraft:fly_one_cm":229224}},"DataVersion":3465}